image_id,class_id,rle_mask
000000000419.jpg,['car' 'car' 'car'],"['208529 5 209007 8 209485 10 209963 13 210444 12 210924 12 211404 13 211884 14 212364 14 212844 14 213324 14 213805 11 214285 10 214768 7 215253 1'
 '254605 3 255087 5 255567 6 256047 7 256527 7 257007 8 257485 10 257965 10 258445 8 258925 5 259405 5 259885 5 260365 5 260846 4 261326 4'
 '158609 1 159089 3 159568 6 160048 6 160528 6 161008 7 161487 8 161967 7 162447 7 162926 8 163406 8 163886 8 164366 8 164845 9 165325 9 165805 9 166285 9 166764 10 167244 10 167724 10 168204 9 168684 9 169164 10 169644 11 170124 11 170604 11 171084 10 171564 10 172044 9 172524 9 173004 9 173485 7 173969 3']"
000000000656.jpg,['car' 'car'],"['218118 3 218586 7 219055 10 219523 15 219991 19 220462 20 220933 21 221405 22 221877 22 222349 22 222821 22 223293 23 223765 23 224237 23 224709 23 225181 24 225653 24 226125 24 226597 24 227069 25 227102 1 227541 25 227569 6 228013 33 228484 34 228956 34 229428 34 229900 33 230372 33 230844 33 231316 33 231788 32 232260 32 232732 32 233204 31 233676 31 234148 31 234620 31 235091 31 235561 33 236032 34 236502 36 236972 37 237442 39 237912 41 238382 43 238853 43 239323 45 239793 47 240263 49 240733 50 241203 52 241673 54 242144 54 242614 56 243084 58 243554 60 244026 59 244498 59 244970 59 245442 59 245914 58 246386 58 246858 58 247330 58 247802 58 248274 57 248746 57 249218 57 249690 57 250162 57 250634 57 251106 57 251578 56 252050 56 252522 56 252994 56 253466 56 253938 56 254117 4 254410 55 254587 9 254882 55 255057 10 255354 55 255528 11 255826 55 255998 13 256298 55 256468 15 256770 55 256938 17 257242 55 257409 18 257714 54 257881 18 258186 54 258352 19 258658 54 258824 19 259130 54 259295 20 259602 54 259767 20 260074 54 260238 21 260546 54 260710 21 261018 54 261181 22 261490 54 261653 22 261962 54 262125 22 262434 54 262596 23 262906 54 263068 23 263378 55 263539 25 263850 55 264011 25 264322 55 264482 26 264794 55 264954 26 265266 55 265425 27 265738 55 265897 27 266210 55 266368 28 266682 55 266840 28 267154 55 267311 29 267626 56 267783 29 268098 56 268254 30 268570 56 268726 30 269042 56 269197 31 269514 56 269669 31 269986 56 270140 32 270458 56 270612 32 270930 56 271083 33 271402 56 271555 33 271874 57 272027 33 272346 57 272498 35 272818 57 272970 35 273290 57 273441 36 273762 57 273913 36 274234 57 274384 37 274706 57 274856 37 275178 57 275327 38 275650 57 275799 38 276122 58 276270 39 276594 58 276741 40 277066 58 277211 42 277538 59 277681 44 278010 60 278152 45 278482 61 278622 47 278954 62 279093 48 279426 63 279563 50 279898 65 280034 51 280370 66 280504 53 280842 67 280974 55 281314 68 281445 57 281786 69 281915 59 282258 71 282386 60 282730 72 282856 62 283202 73 283326 64 283674 74 283797 65 284146 75 284267 67 284618 77 284738 68 285090 78 285208 70 285562 79 285678 72 286034 80 286149 73 286506 81 286619 75 286978 83 287090 76 287450 84 287560 78 287922 85 288031 79 288394 87 288501 81 288866 88 288971 83 289338 90 289442 84 289810 91 289912 86 290282 92 290383 88 290754 94 290853 90 291226 95 291323 92 291698 189 292170 189 292642 189 293114 189 293586 189 294058 189 294530 189 295002 189 295474 189 295946 189 296418 189 296890 189 297362 189 297834 189 298306 189 298778 189 299250 190 299722 190 300194 190 300666 190 301150 178 301740 60'
 '5772 2 6237 8 6703 14 7168 21 7634 27 8099 33 8565 39 9030 46 9496 52 9961 58 10427 64 10892 71 11358 77 11823 84 12289 89 12754 96 13220 102 13690 104 14162 103 14634 103 15106 103 15578 103 16050 103 16522 102 16994 102 17466 102 17938 102 18410 101 18882 101 19354 101 19826 101 20298 101 20770 100 21242 100 21714 100 22186 100 22658 99 23130 99 23602 99 24074 99 24546 99 25018 98 25490 98 25962 98 26434 98 26906 97 27378 97 27850 97 28322 97 28794 97 29266 96 29738 96 30210 96 30682 96 31154 95 31626 95 32098 95 32570 95 33042 94 33514 94 33986 94 34458 94 34930 94 35402 93 35874 93 36346 93 36818 93 37290 92 37762 92 38234 92 38706 92 39178 92 39650 91 40122 91 40594 91 41066 91 41538 90 42010 90 42482 90 42954 90 43426 90 43898 89 44370 89 44842 89 45314 89 45786 88 46258 88 46730 88 47202 88 47674 88 48146 87 48618 87 49090 87 49562 87 50034 86 50506 86 50978 86 51450 87 51922 87 52394 87 52866 87 53338 87 53810 87 54282 87 54754 87 55226 87 55698 87 56170 87 56642 87 57114 87 57586 87 58058 87 58530 87 59002 87 59474 87 59946 87 60418 88 60890 88 61362 88 61834 88 62306 88 62778 88 63250 88 63722 88 64194 88 64666 88 65138 88 65610 88 66082 88 66554 88 67026 88 67498 88 67970 88 68442 88 68914 88 69386 89 69858 89 70330 89 70802 89 71274 89 71746 89 72218 89 72690 89 73162 89 73634 89 74106 89 74578 89 75050 89 75522 89 75994 89 76466 89 76938 89 77410 89 77882 89 78354 89 78826 90 79298 90 79770 90 80242 90 80714 90 81186 90 81658 90 82130 90 82602 90 83074 90 83546 90 84018 90 84490 90 84962 90 85434 90 85906 90 86378 90 86850 90 87322 90 87794 91 88266 91 88738 91 89210 91 89682 91 90154 91 90626 91 91098 91 91570 91 92042 91 92514 91 92986 91 93458 91 93930 91 94402 91 94874 91 95346 91 95818 91 96290 91 96762 92 97234 92 97706 92 98178 92 98650 92 99122 92 99594 92 100066 92 100538 92 101010 92 101482 92 101954 92 102426 92 102898 92 103370 92 103842 92 104314 92 104786 92 105258 92 105730 92 106202 93 106674 93 107146 93 107618 93 108090 93 108562 93 109034 93 109506 93 109978 93 110450 93 110922 93 111394 93 111866 92 112338 92 112810 92 113282 92 113754 92 114226 91 114698 91 115170 91 115642 91 116114 91 116586 90 117058 90 117530 90 118002 90 118474 90 118946 89 119418 89 119890 89 120362 89 120834 89 121306 87 121778 86 122250 85 122722 84 123194 82 123666 81 124138 80 124610 79 125082 77 125554 76 126026 75 126498 74 126970 72 127442 72 127914 71 128386 71 128858 70 129330 70 129802 69 130274 69 130746 69 131218 68 131690 68 132162 67 132634 65 133106 64 133578 63 134050 61 134522 60 134994 59 135466 58 135938 56 136410 55 136882 54 137354 53 137826 51 138298 50 138770 49 139244 45 139718 42 140192 39 140666 36 141140 32 141614 29 142093 21 142576 8']"
000000001144.jpg,['car' 'car' 'car'],"['124447 1 124927 8 125406 15 125886 22 126365 30 126845 35 127324 36 127804 36 128283 37 128763 37 129242 38 129722 38 130201 39 130681 39 131160 40 131640 39 132120 38 132599 38 133079 37 133558 37 134038 36 134517 36 134997 35 135477 34 135956 34 136436 32 136915 32 137395 32 137874 33 138354 32 138834 32 139313 33 139793 33 140272 33 140752 33 141231 34 141711 33 142191 33 142670 34 143150 34 143630 33 144110 33 144590 33 145070 32 145550 32 146030 32 146510 32 146990 32 147470 32 147950 32 148430 32 148910 32 149390 32 149870 32 150349 33 150829 33 151309 33 151789 33 152269 33 152749 33 153229 33 153709 33 154189 33 154669 33 155149 34 155629 34 156109 34 156589 34 157069 34 157549 35 158029 35 158509 35 158989 36 159469 37 159949 38 160428 40 160908 41 161388 42 161868 42 162348 43 162828 44 163308 45 163788 45 164268 46 164748 46 165228 47 165708 48 166188 48 166668 49 167149 48 167629 48 168109 47 168589 45 169069 44 169550 41 170030 39 170511 36 170992 34 171472 33 171953 32 172434 30 172914 30 173395 29 173876 28 174356 28 174837 27 175318 25 175799 24 176279 24 176760 23 177241 22 177722 20 178202 20 178682 20 179162 20 179642 20 180122 19 180603 18 181083 18 181563 18 182043 18 182523 17 183003 17 183483 17 183963 17 184443 17 184923 16 185403 17 185883 17 186363 17 186844 16 187324 16 187804 16 188284 16 188764 16 189245 16 189728 13 190210 11 190692 9 191175 6 191657 4 192139 2'
 '136 15 616 16 1096 16 1576 17 2056 17 2536 18 3017 17 3497 17 3979 16 4462 13 4944 11 5427 4'
 '190205 3 190684 6 191164 9 191644 15 192124 15 192605 14 193085 15 193565 15 194045 15 194525 15 195005 15 195485 15 195966 14 196447 13 196928 12 197410 7']"
000000001518.jpg,['car' 'car'],"['37216 13 37694 15 38173 16 38652 17 39132 17 39611 18 40091 18 40570 20 41049 21 41529 21 42008 22 42488 22 42968 22 43447 23 43927 23 44407 23 44887 23 45366 24 45846 24 46326 24 46806 24 47286 24 47766 24 48246 24 48726 24 49206 24 49686 24 50166 24 50646 24 51125 25 51605 25 52085 25 52565 25 53044 26 53524 26 54004 26 54483 27 54962 28 55441 29 55920 30 56400 30 56879 31 57358 32 57838 32 58317 33 58797 33 59276 34 59755 35 60235 35 60714 36 61194 37 61673 38 62153 38 62632 40 63111 41 63590 42 64069 44 64548 45 65027 47 65506 48 65985 50 66464 51 66943 52 67422 53 67901 54 68380 55 68859 55 69338 56 69816 58 70296 58 70775 59 71255 58 71735 57 72215 53 72269 1 72695 52 72748 1 73175 51 73655 50 74135 49 74615 49 75094 50 75574 50 76054 50 76534 50 77014 50 77494 50 77974 50 78454 50 78934 50 79413 51 79893 51 80373 51 80853 51 81333 51 81813 51 82293 51 82773 51 83253 51 83733 50 84213 50 84693 50 85173 50 85653 50 86133 49 86613 49 87093 49 87573 48 88053 48 88532 49 89012 49 89492 48 89971 49 90451 49 90931 49 91411 48 91891 48 92371 48 92851 47 93331 47 93811 46 94291 46 94771 45 95251 45 95732 43 96212 43 96692 42 97173 41 97653 40 98133 40 98613 39 99094 38 99574 38 100054 38 100535 37 101015 37 101495 37 101975 38 102456 37 102936 37 103416 38 103896 38 104376 39 104857 38 105337 39 105817 39 106297 40 106777 40 107258 40 107738 40 108218 41 108698 41 109178 42 109658 42 110139 40 110619 38 111099 37 111579 36 112060 33 112540 31 113020 30 113500 28 113981 26 114461 24 114941 23 115421 22 115902 19 116382 18 116864 15 117347 9 117829 5'
 '288190 6 288662 14 289138 19 289618 19 290097 20 290577 20 291056 21 291536 21 292015 22 292495 22 292975 22 293454 23 293932 25 294411 26 294889 28 295368 29 295848 29 296328 29 296808 29 297288 28 297767 29 298247 29 298727 29 299207 29 299687 29 300166 30 300646 30 301126 30 301606 30 302085 31 302565 31 303045 32 303525 32 304005 33 304485 33 304964 35 305444 35 305924 35 306428 10']"
000000001586.jpg,['car' 'car'],"['77483 2 77900 11 78316 20 78733 28 79155 31 79580 31 80005 32 80429 33 80854 33 81278 34 81703 34 82127 36 82552 36 82976 37 83401 37 83826 37 84250 39 84675 39 85099 40 85524 40 85948 41 86373 42 86798 42 87222 43 87647 43 88071 45 88496 45 88920 46 89345 46 89769 47 90194 48 90619 48 91043 49 91468 49 91892 50 92317 51 92741 52 93166 52 93591 52 94015 53 94440 54 94864 55 95289 55 95713 56 96138 56 96562 56 96987 55 97412 53 97836 53 98261 51 98685 51 99110 49 99534 49 99959 47 100383 47 100808 45 101233 44 101657 43 102082 42 102506 41 102931 40 103355 39 103780 38 104205 36 104629 36 105054 35 105478 34 105903 34 106327 34 106752 33 107176 34 107601 33 108026 32 108450 33 108875 32 109299 32 109724 32 110148 32 110573 31 110997 32 111422 31 111847 31 112271 32 112696 32 113120 33 113545 33 113969 34 114394 34 114819 34 115243 35 115668 35 116093 35 116518 35 116943 35 117367 36 117792 36 118217 36 118642 36 119067 36 119492 37 119917 38 120341 40 120766 41 121191 42 121616 43 122041 43 122466 44 122891 45 123316 46 123740 48 124165 49 124590 50 125015 51 125440 54 125865 56 126290 58 126715 60 127139 63 127564 65 127989 66 128414 67 128839 67 129264 67 129689 67 130114 67 130538 69 130963 69 131388 69 131813 69 132238 69 132663 70 133088 70 133513 70 133937 71 134362 71 134787 72 135212 72 135637 72 136062 72 136487 72 136911 74 137336 74 137761 74 138186 75 138611 75 139036 75 139461 76 139886 76 140311 77 140736 77 141161 78 141586 78 142011 78 142437 78 142862 78 143287 79 143712 79 144137 80 144562 80 144988 80 145413 80 145838 80 146263 81 146688 81 147113 82 147539 81 147964 82 148389 82 148814 82 149239 83 149665 82 150090 72 150515 61 150940 50 151365 39 151790 28 152216 16 152641 5 165007 34 165397 70 165822 70 166247 70 166672 70 167097 70 167522 71 167947 71 168372 71 168797 71 169222 71 169647 71 170072 71 170497 70 170922 69 171347 68 171772 67 172197 66 172622 65 173047 64 173472 63 173897 62 174322 61 174747 61 175172 60 175597 59 176022 58 176447 57 176872 56 177297 55 177722 53 178147 51 178572 49 178997 47 179422 45 179847 43 180272 41 180697 39 181122 38 181547 37 181972 36 182397 35 182822 33 183247 32 183672 31 184097 30 184522 29 184947 30 185372 30 185797 30 186222 30 186647 30 187072 30 187497 30 187922 30 188347 30 188772 30 189197 30 189622 30 190047 31 190472 31 190897 31 191322 31 191747 34 192172 37 192597 40 193022 42 193448 44 193874 45 194300 46 194726 48 195151 50 195577 51 196003 52 196429 54 196855 56 197281 57 197706 60 198132 62 198558 64 198984 65 199410 66 199836 65 200261 66 200687 66 201113 65 201539 65 201965 64 202391 64 202816 65 203242 64 203668 64 204094 64 204520 63 204946 62 205372 61 205799 59 206227 56 206654 54 207081 52 207508 50 207935 48 208363 45 208790 43 209217 41 209644 39 210071 37 210499 34 210926 30 211353 23 211780 16 212207 10 212635 2'
 '205868 1 206292 5 206716 8 207140 11 207564 14 207988 17 208412 19 208835 22 209259 24 209682 27 210106 30 210529 33 210953 35 211377 37 211801 40 212226 41 212650 44 213075 46 213500 47 213924 50 214349 50 214774 51 215198 52 215623 53 216048 53 216472 54 216897 54 217321 54 217746 54 218171 53 218595 54 219020 54 219444 55 219869 54 220294 54 220718 55 221143 55 221568 55 221992 55 222417 55 222842 56 223267 56 223691 57 224116 57 224541 57 224966 57 225391 57 225815 58 226240 58 226665 58 227090 58 227515 58 227939 59 228364 58 228789 58 229214 58 229639 58 230063 59 230488 59 230913 58 231339 5 231349 47 231765 2 231778 19 244115 31 244508 63 244932 64 245357 63 245782 63 246207 63 246632 63 247057 62 247482 62 247907 62 248332 62 248756 62 249181 62 249606 62 250030 63 250455 62 250880 62 251304 63 251729 63 252154 64 252579 64 253003 65 253428 65 253853 65 254277 66 254702 66 255127 66 255552 67 255976 68 256401 68 256826 69 257250 70 257675 70 258099 72 258524 72 258949 73 259373 74 259798 74 260223 75 260647 76 261072 76 261496 77 261921 77 262346 77 262770 78 263195 78 263620 78 264044 78 264469 78 264894 78 265318 79 265743 79 266167 80 266591 81 267016 81 267440 81 267864 82 268289 82 268713 83 269137 84 269562 85 269986 86 270410 87 270835 87 271259 20 271310 37 271684 4']"
000000001955.jpg,['car' 'car'],"['204490 2 205124 1 205129 4 205760 13 206400 13 207038 16 207675 19 208314 21 208954 21 209593 23 210233 24 210873 24 211513 25 212152 27 212792 28 213432 28 214071 29 214711 29 215351 29 215991 29 216631 27 217272 26 217912 26 218552 25 219192 26 219832 27 220472 28 221112 29 221752 29 222392 29 223032 29 223672 29 224312 28 224952 27 225592 27 226232 27 226872 27 227512 27 228152 26 228792 26 229432 26 230072 26 230712 26 231352 26 231993 25 232633 25 233275 23 233918 20 234566 12 235210 8 235851 7 236490 8 237129 8 237768 8 238411 5'
 '185924 1 186556 10 187196 5 189766 2 190398 10 191035 13 191675 13 192315 12 192955 12 193596 4 197435 5 198075 12 198715 13 199355 13 199995 5']"
000000002089.jpg,['car' 'car'],"['185643 4 186103 9 186564 12 187025 15 187486 16 187947 17 188408 18 188870 16 189331 17 189792 18 190253 19 190714 20 191174 22 191635 23 192095 25 192555 26 193017 26 193478 27 193940 27 194402 27 194863 28 195325 28 195787 28 196249 28 196711 30 197173 32 197635 32 198097 32 198559 32 199021 32 199482 33 199944 33 200406 33 200868 29 201330 29 201792 29 202254 29 202716 29 203179 28 203641 28 204103 28 204565 28 205027 27 205489 27 205952 26 206414 26 206876 26 207338 27 207802 26 208265 26 208729 25 209193 23 209657 20 210120 18 210583 16 211045 13 211512 6'
 '212432 6 212893 9 213354 10 213815 11 214277 11 214738 12 215199 12 215660 13 216121 14 216583 13 217045 13 217507 13 217969 13 218431 13 218893 13 219355 14 219817 14 220279 15 220741 15 221203 14 221665 14 222127 13 222589 12 223051 2 223054 9 223518 7 223982 4 224445 3 224908 2 225371 1']"
000000002309.jpg,['car' 'car'],"['14814 5 15235 11 15658 20 16084 21 16511 22 16938 22 17363 23 17788 22 18213 23 18638 24 19065 24 19492 26 19919 27 20347 26 20774 25 21201 24 21628 23 22055 23 22482 23 22909 23 23336 23 23763 23 24190 22 24617 22 25044 22 25471 22 25898 23 26325 24 26752 27 27179 27 27606 27 28033 27 28460 27 28887 25 29316 20 29744 19 30173 20 30601 19 31028 19 31455 3 31460 14 31884 1 31887 14 32315 12'
 '211639 2 212065 3 212492 3 212919 3 213346 3 213773 4 214200 4 214627 4 215054 4 215481 5 215908 5 216335 5 216762 6 217189 6 217616 7 218043 10 218056 3 218470 16 218897 17 219324 16 219751 16 220178 16 220605 16 221033 15 221460 15 221888 14 222315 14 222743 13 223170 13 223598 12 224026 11 224453 12 224881 11 225308 11 225735 11 226163 10 226590 9 227018 7 227446 5']"
000000002459.jpg,['car' 'car'],"['53852 3 54279 6 54707 8 55134 11 55561 14 55989 15 56416 18 56843 21 57271 23 57698 26 58125 29 58553 31 58980 34 59407 37 59835 39 60262 41 60689 44 61117 46 61544 49 61971 52 62398 55 62826 57 63253 60 63680 63 64108 65 64535 68 64962 70 65390 72 65817 75 66244 79 66672 83 67099 87 67526 92 67954 96 68381 101 68808 106 69236 110 69663 115 70090 119 70518 123 70945 128 71372 133 71799 138 72227 142 72654 152 73081 163 73509 172 73936 178 74363 178 74791 177 75218 177 75645 177 76073 176 76500 176 76927 176 77355 175 77782 175 78087 3 78209 175 78511 7 78637 174 78934 12 79064 174 79358 15 79491 174 79781 20 79919 173 80205 24 80346 173 80628 28 80773 173 81051 33 81200 173 81475 37 81628 172 81898 42 82055 172 82322 45 82482 172 82745 50 82910 171 83171 52 83337 171 83598 52 83764 171 84025 53 84192 170 84453 53 84619 170 84880 54 85046 170 85307 54 85474 169 85735 54 85901 169 86162 55 86328 169 86589 55 86756 168 87017 55 87183 168 87444 56 87610 168 87871 57 88038 167 88299 56 88465 167 88726 57 88892 167 89153 58 89319 167 89581 57 89747 166 90008 58 90174 166 90435 59 90601 166 90863 59 91029 165 91290 59 91456 165 91717 60 91883 165 92145 60 92311 164 92572 60 92738 164 92999 61 93165 164 93427 61 93593 163 93854 62 94020 163 94281 62 94447 163 94709 62 94875 162 95136 63 95302 162 95563 63 95729 162 95991 62 96157 161 96418 62 96584 161 96845 61 97011 161 97273 59 97439 160 97700 58 97866 160 98127 57 98293 160 98554 57 98720 160 98982 55 99148 159 99409 54 99575 159 99836 53 100002 160 100264 52 100430 159 100691 51 100857 160 101118 50 101284 161 101546 48 101712 160 101973 48 102139 161 102400 47 102566 161 102828 45 102994 161 103255 44 103421 162 103682 43 103848 162 104109 43 104276 162 104536 42 104703 162 104963 41 105130 163 105391 39 105558 163 105818 39 105985 163 106245 38 106412 164 106672 37 106840 164 107099 36 107267 164 107526 35 107694 165 107953 35 108121 165 108380 34 108549 165 108807 32 108976 166 109234 30 109403 166 109661 27 109831 166 110088 25 110258 166 110516 21 110685 167 110943 20 111113 167 111370 19 111540 167 111797 19 111967 168 112224 18 112395 168 112651 17 112822 168 113078 16 113249 169 113505 15 113677 168 113932 14 114104 169 114359 13 114531 170 114786 12 114959 169 115213 11 115386 170 115641 9 115813 171 116068 9 116241 170 116495 8 116668 51 116722 117 116922 7 117095 49 117151 115 117349 6 117522 46 117580 114 117776 5 117950 43 118009 113 118203 4 118377 41 118439 110 118630 3 118804 38 118868 109 119057 2 119232 35 119297 107 119484 1 119659 33 119726 106 120086 30 120155 105 120514 27 120584 103 120941 25 121013 102 121368 22 121443 100 121796 19 121872 98 122223 17 122301 97 122650 14 122730 95 123078 11 123159 94 123505 9 123588 93 123932 6 124017 91 124360 3 124447 89 124787 1 124876 87 125305 86 125734 85 126163 83 126592 82 127021 81 127451 78 127880 76 128309 70 128738 64 129167 58 129596 52 130025 45 130455 38 130884 32 131313 26 131742 20 132171 13 132600 7 133029 1'
 '1284 1 1711 1 2138 2 2565 2 2992 3 3419 3 3846 3 4273 4 4700 4 5127 5 5554 5 5981 6 6408 6 6836 6 7263 6 7690 6 8117 7 8544 7 8971 8 9398 8 9825 9 10252 9 10679 10 11106 10 11533 11 11960 11 12387 11 12814 12 13241 12 13668 13 14095 13 14522 14 14949 14 15376 15 15803 15 16230 16 16657 16 17084 16 17511 17 17938 17 18365 18 18792 18 19219 19 19646 19 20073 19 20500 20 20927 20 21354 20 21781 20 22208 20 22635 21 23062 21 23489 21 23916 21 24343 21 24770 22 25197 22 25624 22 26052 21 26479 21 26906 22 27333 22 27760 22 28187 22 28614 22 29041 23 29468 23 29895 23 30322 23 30749 23 31176 24 31603 24 32030 24 32457 24 32884 24 33311 25 33738 25 34165 25 34592 25 35019 25 35446 26 35873 26 36300 26 36727 26 37154 26 37581 27 38008 27 38435 27 38862 27 39289 27 39716 28 40143 28 40570 28 40997 28 41424 29 41851 29 42278 29 42705 29 43132 29 43559 30 43986 30 44413 30 44840 30 45267 30 45695 30 46122 30 46549 30 46976 30 47403 30 47830 31 48257 31 48684 31 49111 31 49538 31 49965 32 50392 32 50819 33 51246 34 51673 34 52100 35 52527 36 52954 36 53381 37 53808 38 54235 39 54662 39 55089 41 55516 42 55943 42 56370 43 56797 43 57224 43 57651 44 58078 44 58505 44 58932 45 59359 45 59786 45 60213 46 60640 46 61067 47 61494 47 61921 47 62348 48 62775 48 63202 48 63629 49 64056 49 64483 49 64911 49 65338 49 65765 50 66192 50 66619 50 67046 51 67473 51 67900 51 68327 52 68754 52 69181 52 69608 53 70035 53 70462 54 70889 54 71316 54 71743 55 72170 55 72597 55 73024 56 73451 56 73878 56 74305 57 74732 57 75159 57 75586 58 76013 58 76440 59 76867 59 77294 59 77721 60 78148 60 78575 60 79002 61 79429 61 79856 61 80283 62 80710 62 81137 63 81564 63 81991 63 82418 64 82845 64 83272 64 83699 65 84127 64 84554 64 84981 65 85408 65 85835 66 86262 66 86689 66 87116 67 87543 67 87970 67 88397 68 88824 68 89251 68 89678 69 90105 69 90532 70 90959 70 91386 70 91813 71 92240 71 92667 71 93094 72 93521 72 93948 72 94375 73 94802 73 95229 74 95656 74 96083 74 96510 75 96937 75 97364 75 97791 76 98218 76 98645 76 99072 77 99499 77 99926 78 100353 78 100780 78 101207 79 101634 79 102061 79 102488 80 102915 80 103342 80 103770 80 104197 80 104624 80 105051 81 105478 81 105905 82 106332 82 106759 82 107186 83 107613 83 108040 83 108467 84 108894 84 109321 84 109748 85 110175 85 110602 86 111029 86 111456 86 111883 87 112310 87 112737 87 113164 88 113591 88 114018 88 114445 89 114872 89 115299 90 115726 90 116153 91 116580 91 117007 92 117434 92 117861 93 118288 93 118715 94 119142 94 119569 94 119996 95 120423 95 120850 96 121277 96 121704 97 122131 97 122558 98 122986 97 123413 98 123547 3 123840 98 123957 28 124267 99 124367 52 124694 160 125121 167 125548 175 125975 183 126402 190 126829 198 127256 205 127683 203 128110 201 128537 199 128964 197 129391 195 129818 193 130245 191 130672 189 131099 188 131526 186 131953 184 132380 182 132807 180 133234 178 133661 176 134088 174 134515 172 134942 170 135369 169 135796 167 136223 165 136650 163 137077 161 137504 159 137931 157 138358 155 138785 153 139212 151 139639 150 140066 148 140493 146 140920 144 141347 142 141774 134 142201 126 142628 118 143055 110 143482 101 143909 93 144336 85 144763 78 145190 78 145617 78 146044 78 146471 79 146898 79 147325 79 147752 79 148179 80 148606 80 149033 80 149460 80 149887 80 150314 81 150741 81 151168 81 151595 81 152022 82 152449 82 152876 82 153303 82 153730 83 154157 83 154584 83 155011 83 155438 84 155865 84 156292 84 156719 84 157146 85 157573 85 158000 85 158427 85 158854 85 159281 86 159708 86 160135 86 160562 86 160989 87 161416 87 161843 87 162270 87 162697 88 163124 88 163551 88 163978 88 164405 89 164832 89 165259 89 165686 89 166113 90 166540 90 166967 90 167394 90 167821 90 168248 91 168675 91 169102 91 169529 91 169956 92 170383 92 170810 92 171237 92 171664 93 172091 93 172518 93 172945 93 173372 94 173799 94 174226 94 174653 94 175080 95 175507 95 175934 95 176361 95 176788 96 177215 96 177642 96 178069 96 178496 96 178923 97 179350 97 179777 97 180204 97 180631 98 181058 98 181485 98 181912 98 182339 99 182766 99 183193 99 183620 99 184047 100 184474 100 184901 100 185328 100 185756 100 186183 100 186610 100 187037 100 187464 100 187891 101 188318 101 188745 101 189172 101 189599 102 190026 102 190453 102 190880 102 191307 103 191734 103 192161 103 192588 103 193015 104 193442 104 193869 104 194296 104 194723 104 195150 105 195577 105 196004 105 196431 105 196858 106 197285 106 197712 106 198139 106 198566 107 198993 107 199420 107 199847 107 200274 108 200701 108 201128 108 201555 108 201982 108 202409 109 202836 109 203263 109 203690 109 204117 110 204544 110 204971 110 205398 110 205825 111 206252 111 206679 111 207106 111 207533 112 207960 112 208387 112 208814 112 209241 112 209668 113 210095 113 210522 113 210949 113 211376 114 211803 114 212230 114 212657 114 213084 115 213511 115 213938 115 214365 115 214792 116 215219 116 215646 116 216073 116 216500 116 216927 117 217354 117 217781 117 218208 117 218635 118 219062 118 219489 118 219916 118 220343 119 220770 119 221197 119 221624 119 222051 120 222478 120 222905 120 223332 120 223759 120 224186 121 224613 121 225040 121 225467 121 225894 122 226322 121 226755 115 227187 110 227619 106 228051 101 228484 95 228916 90 229348 86 229780 81 230213 75 230645 70 231077 65 231509 61 231941 56 232374 50 232806 45 233238 41 233670 36 234103 30 234535 25 234967 21 235399 16 235832 10 236264 5 236696 1']"
000000003272.jpg,['car' 'car'],"['199377 8 199803 15 200232 19 200660 25 201089 29 201517 34 201945 39 202373 45 202802 49 203230 54 203658 60 204086 65 204514 70 204942 75 205370 81 205798 86 206226 89 206654 90 207082 91 207511 91 207939 92 208368 91 208797 90 209226 89 209655 87 210084 86 210513 85 210942 83 211371 82 211800 81 212229 79 212658 78 213087 77 213516 75 213945 74 214373 74 214802 72 215231 71 215661 69 216090 67 216520 65 216949 64 217379 62 217808 62 218237 61 218667 60 219096 60 219526 59 219955 58 220385 57 220814 56 221243 55 221673 54 222102 53 222532 51 222961 50 223391 49 223820 48 224250 46 224679 28 225108 7'
 '114817 2 115245 4 115673 6 116101 8 116529 10 116957 12 117386 12 117814 14 118243 14 118672 15 119101 15 119494 2 119530 16 119923 9 119958 17 120352 15 120387 18 120781 22 120816 18 121210 29 121245 19 121639 54 122068 55 122497 55 122926 56 123355 56 123784 57 124213 57 124642 58 125070 59 125499 60 125928 60 126357 61 126786 61 127215 61 127644 61 128073 62 128502 62 128931 62 129360 63 129789 63 130218 63 130647 63 131076 64 131505 64 131934 64 132363 65 132792 65 133221 65 133650 65 134079 66 134508 66 134937 66 135366 67 135795 67 136223 68 136652 68 137081 69 137510 69 137939 71 138368 72 138797 73 139226 75 139655 76 140084 77 140513 79 140942 80 141371 81 141800 82 142229 84 142658 85 143087 86 143516 88 143945 89 144374 90 144803 78 144887 8 145232 74 145322 3 145661 70 146091 64 146520 60 146949 55 147378 51 147807 50 148236 49 148665 48 149095 46 149524 45 149953 44 150382 44 150811 43 151240 42 151669 41 152099 39 152528 39 152957 38 153386 37 153815 36 154244 35 154673 34 155103 33 155532 32 155962 30 156392 28 156822 26 157251 26 157681 24 158111 22 158541 20 158971 18 159402 15 159834 12 160265 9 160697 5 161128 2']"
